[{"quantidade_elementos":10000,"tempo_merge_sort":"0.000002167s","tempo_selection_sort":"0.000001333s"},{"quantidade_elementos":20000,"tempo_merge_sort":"0.000001491s","tempo_selection_sort":"0.00000132s"},{"quantidade_elementos":30000,"tempo_merge_sort":"0.000001357s","tempo_selection_sort":"0.000001369s"},{"quantidade_elementos":40000,"tempo_merge_sort":"0.000001356s","tempo_selection_sort":"0.000001345s"},{"quantidade_elementos":50000,"tempo_merge_sort":"0.000001099s","tempo_selection_sort":"0.000001116s"},{"quantidade_elementos":60000,"tempo_merge_sort":"0.000001365s","tempo_selection_sort":"0.000001167s"},{"quantidade_elementos":70000,"tempo_merge_sort":"0.000001144s","tempo_selection_sort":"0.000001149s"},{"quantidade_elementos":80000,"tempo_merge_sort":"0.00000118s","tempo_selection_sort":"0.000014062s"},{"quantidade_elementos":90000,"tempo_merge_sort":"0.00000125s","tempo_selection_sort":"0.00000125s"},{"quantidade_elementos":100000,"tempo_merge_sort":"0.00000119s","tempo_selection_sort":"0.000001182s"}]